{"cameraMode":{"drawMode":0,"name":"Shaded","section":"Shading Mode"},"sceneLighting":true,"audioPlay":false,"sceneViewState":{"showFog":true,"showMaterialUpdate":false,"showSkybox":true,"showFlares":true,"showImageEffects":true,"showParticleSystems":true},"in2DMode":false,"pivot":{"x":1.1378095149993897,"y":1.300290822982788,"z":1.6567025184631348},"rotation":{"x":-0.18234530091285706,"y":0.21112830936908723,"z":-0.04012497514486313,"w":-0.9594607949256897},"size":6.0452351570129398,"orthographic":false}